{
  "mean": [
    94.38241146741332,
    63.06561360874848,
    2.4385686864951484,
    7.473237057420994,
    10.252931907502758,
    2.779694850081765,
    27.31711145359508,
    1.552330443729152,
    14.029073555567296,
    -0.7130681317907267,
    0.7592408639439494
  ],
  "std": [
    49.95707766431683,
    33.14408695914863,
    2.0966169610344783,
    2.252926051653113,
    7.079393821876533,
    7.471095879278955,
    26.673150377394535,
    1.913049797030102,
    7.6908189418692405,
    0.8677772482339505,
    28.333711892019764
  ],
  "features": [
    "runs_left",
    "balls_left",
    "wickets_left",
    "target_runs",
    "cur_run_rate",
    "req_run_rate",
    "pressure",
    "balls_per_wicket",
    "target_ratio"
  ]
}